ëINF,INF,INF,INF,INF,INF,INF,INF,INF,INF,INF,INF,INF,INF,INF,INF,INF,INF,INF,INF,INF,INF,INF,INF,INF,INF,INF,INF,INF,INF,INF,INF,INF,INF,INF,INF,INF,INF,INF,INF,INF,INF,INF,INF,INF,INF,INF,INF,INF,INF,INF,INF,INF,INF,INF,INF,INF,INF,INF,INF,INF,INF,INF,INF,INF,INF,INF,INF,INF,INF,INF,INF,INF,INF,INF,INF,INF,INF,INF,INF,INF,INF,INF,INF,INF,INF,INF,INF,INF,INF,INF,INF,INF,INF,INF,INF,INF,INF,INF,INF,
àINF,0,30,76,77,105,136,113,152,166,250,309,319,264,152,161,261,191,261,355,377,391,332,414,469,471,503,104,199,6,65,156,229,122,162,250,344,313,334,423,338,401,267,313,337,335,395,199,249,199,192,276,183,218,286,326,363,102,131,169,179,211,278,219,271,284,323,335,354,207,70,135,137,145,241,284,323,384,323,331,296,327,385,241,320,242,270,316,340,403,277,291,343,407,214,279,330,405,302,194,
âINF,280,0,46,47,75,106,83,122,136,220,279,289,234,122,131,231,301,331,425,447,452,342,424,479,481,513,74,169,198,257,348,199,92,132,220,314,283,304,393,308,371,237,283,307,305,365,339,228,169,162,246,153,188,256,296,333,242,271,309,225,257,324,189,241,260,299,311,324,177,250,315,317,308,404,294,312,373,293,301,266,297,355,211,290,212,240,286,310,373,247,261,313,377,184,249,300,375,281,164,
ÉINF,234,264,0,1,29,60,37,76,90,174,233,243,188,76,85,185,255,285,379,401,406,296,378,433,435,467,28,123,152,211,302,153,46,86,174,268,237,258,347,262,325,191,237,261,259,319,293,182,123,116,200,107,142,210,250,287,196,225,263,179,211,278,143,195,214,253,265,278,131,204,269,271,262,358,248,266,327,247,255,220,251,309,165,244,166,194,240,264,327,201,215,267,331,138,203,254,329,235,118,
ÖINF,233,263,166,0,28,59,36,75,89,173,232,242,187,75,84,184,254,284,378,400,405,295,377,432,434,466,27,122,151,210,301,152,45,85,173,267,236,257,346,261,324,190,236,260,258,318,292,181,122,115,199,106,141,209,249,286,195,224,262,178,210,277,142,194,213,252,264,277,130,203,268,270,261,357,247,265,326,246,254,219,250,308,164,243,165,193,239,263,326,200,214,266,330,137,202,253,328,234,117,
àINF,205,235,138,139,0,31,8,47,61,145,204,214,242,214,223,299,226,256,350,372,377,360,442,497,499,531,166,261,211,270,361,124,174,214,302,396,208,229,318,233,296,245,291,315,313,373,347,153,246,254,255,78,113,181,221,258,250,279,256,266,298,365,114,166,185,224,236,322,269,275,340,342,316,412,312,330,391,311,319,348,222,280,136,215,274,216,262,286,349,309,279,331,395,246,174,225,300,206,89,
çINF,266,296,199,200,228,0,69,108,122,206,265,275,303,275,284,360,287,317,411,433,438,373,455,510,512,544,227,322,272,331,422,185,235,275,363,457,269,290,379,294,357,306,352,376,374,434,408,214,307,315,224,139,174,242,282,319,311,340,317,327,359,426,83,135,154,193,205,291,330,336,401,403,377,473,325,343,404,324,332,390,283,341,197,276,335,277,323,347,410,278,292,344,408,215,235,286,361,267,150,
ãINF,197,227,130,131,159,190,0,39,53,137,196,206,234,206,215,291,218,248,342,364,369,352,434,489,491,523,158,253,203,262,353,116,166,206,294,388,200,221,310,225,288,237,283,307,305,365,339,145,238,246,330,70,105,173,213,250,242,271,248,258,290,357,273,325,344,373,385,324,261,267,332,334,308,404,304,322,383,303,311,340,214,272,128,207,266,208,254,278,341,321,271,323,387,258,166,217,292,198,81,
ÜINF,158,188,91,92,120,151,128,0,14,98,157,167,195,167,176,252,179,209,303,325,330,313,395,450,452,484,119,214,164,223,314,77,127,167,255,349,161,182,271,186,249,198,244,268,266,326,300,106,199,207,291,31,66,134,174,211,203,232,209,219,251,318,234,286,305,334,346,285,222,228,293,295,269,365,265,283,344,264,272,301,175,233,89,168,227,169,215,239,302,282,232,284,348,219,127,178,253,159,42,
àINF,246,276,77,78,106,137,114,153,0,84,143,153,181,153,162,238,278,195,289,311,316,343,425,480,482,514,105,200,229,260,351,63,113,153,241,335,147,168,257,304,367,184,230,254,252,312,286,92,185,193,277,184,219,287,262,299,189,218,256,246,278,345,220,272,291,330,342,271,208,265,330,332,255,351,295,333,394,314,322,287,161,219,75,154,213,241,287,311,374,268,282,334,346,205,215,266,341,145,28,
âINF,162,192,238,212,240,271,214,174,188,0,59,69,97,160,169,154,194,111,205,227,232,259,341,396,398,430,216,311,168,176,267,251,240,280,368,462,63,84,173,220,283,100,146,170,168,228,202,252,317,200,284,205,240,308,178,215,105,134,172,182,214,281,347,399,287,326,338,187,185,181,246,248,171,267,211,250,311,257,250,308,77,135,148,227,134,162,208,232,295,376,225,275,262,332,131,182,257,305,216,
INF,103,133,179,153,181,212,155,115,129,213,0,10,38,101,110,95,135,52,146,168,173,200,282,337,339,371,157,252,109,117,208,192,181,221,309,403,4,25,114,161,224,41,87,111,109,169,143,193,258,141,225,146,181,249,119,156,46,75,113,123,155,222,288,340,228,267,279,128,126,122,187,189,112,208,152,191,252,198,191,249,18,76,89,168,75,103,149,173,236,317,166,216,203,273,72,123,198,246,157,
ÜINF,263,293,196,143,171,202,179,105,119,203,262,0,28,91,100,200,125,195,289,311,325,237,319,374,376,408,147,242,269,263,354,182,171,211,299,393,266,268,357,291,354,31,77,101,99,159,133,183,248,131,215,136,171,239,279,316,36,65,103,113,145,212,278,330,218,257,269,118,116,189,254,256,102,198,189,207,268,188,196,254,280,338,194,273,65,93,139,163,226,307,156,208,272,263,232,283,358,236,147,
{INF,235,265,168,115,143,174,151,77,91,175,234,129,0,63,72,172,97,167,261,283,297,209,291,346,348,380,119,214,241,235,326,154,143,183,271,365,238,240,329,263,326,3,49,73,71,131,105,155,220,103,187,108,143,211,251,288,8,37,75,85,117,184,250,302,190,229,241,90,88,161,226,228,74,170,161,179,240,160,168,226,252,310,166,245,37,65,111,135,198,279,128,180,244,235,204,255,330,208,119,
âINF,267,297,262,227,255,286,263,189,203,287,346,241,112,0,9,109,207,277,371,393,407,262,344,399,401,433,56,151,180,202,293,266,196,236,324,418,350,352,441,345,408,115,161,185,183,243,217,267,273,40,124,140,225,293,283,320,120,149,187,197,229,296,362,414,302,341,353,202,55,128,193,195,186,282,214,232,293,213,205,263,354,412,278,357,90,118,164,188,251,332,181,233,297,288,236,287,362,320,231,
ãINF,258,288,253,235,263,294,271,284,298,382,441,336,207,95,0,100,198,268,362,384,398,357,439,494,496,528,47,142,171,193,284,361,280,320,408,502,445,447,536,336,399,210,256,280,278,338,312,362,357,31,115,131,216,284,274,311,215,244,282,292,324,391,366,418,397,434,446,297,46,119,184,186,194,290,309,327,388,308,196,254,345,403,373,452,185,213,259,283,346,427,276,328,392,372,227,278,353,410,326,
çINF,330,360,153,154,182,213,190,229,243,327,386,396,341,229,238,0,98,168,262,284,298,316,398,453,455,487,181,276,305,344,435,306,199,239,327,421,390,411,500,415,478,344,390,414,412,472,446,335,276,269,353,260,295,363,346,383,349,378,416,315,347,414,296,348,367,406,418,431,284,349,414,416,415,511,268,289,350,270,96,154,245,303,316,395,319,347,393,417,480,354,238,290,319,291,299,350,425,388,271,
éINF,319,349,303,304,332,363,173,212,226,310,369,379,394,282,291,391,0,70,164,186,200,218,300,355,357,389,303,398,325,333,424,289,339,379,467,561,373,372,461,398,461,397,443,467,465,525,467,318,411,322,406,229,278,346,335,372,370,399,418,217,249,316,382,434,322,361,373,459,337,338,403,405,413,509,170,209,270,360,368,426,234,292,301,380,372,381,427,451,514,359,373,234,221,296,288,339,414,371,254,
éINF,249,279,233,234,262,293,103,142,156,240,299,309,324,212,221,321,321,0,94,116,130,148,230,285,287,319,233,328,255,263,354,219,269,309,397,491,303,302,391,328,391,327,373,397,395,455,397,248,341,252,336,159,208,276,265,302,300,329,348,147,179,246,312,364,252,291,303,389,267,268,333,335,343,439,100,139,200,290,298,356,164,222,231,310,302,311,357,381,444,289,303,164,151,226,218,269,344,301,184,
ÇINF,155,185,139,140,168,199,9,48,62,146,205,215,230,118,127,227,227,235,0,22,36,123,205,260,262,294,139,234,161,169,260,125,175,215,303,397,209,208,297,234,297,233,279,303,301,361,303,154,247,158,242,79,114,182,171,208,206,235,257,53,85,152,218,270,158,197,209,295,173,174,239,241,249,345,242,260,321,241,249,307,70,128,137,216,208,217,263,287,350,195,209,70,57,132,124,175,250,207,90,
ÜINF,133,163,169,170,198,229,39,78,92,176,235,245,208,96,105,205,257,265,30,0,14,101,183,238,240,272,152,247,139,147,238,155,205,245,333,427,239,238,327,264,327,211,257,281,279,339,281,184,277,136,220,109,144,212,149,186,184,213,251,83,115,182,248,300,188,227,239,298,151,152,217,219,227,323,220,238,299,219,227,285,48,106,119,198,186,214,260,284,347,173,187,100,35,110,102,153,228,237,120,
àINF,119,149,195,196,224,255,232,271,285,369,428,323,194,82,91,191,259,329,423,445,0,87,169,224,226,258,138,233,125,133,224,280,241,281,369,463,432,402,491,303,366,197,243,267,265,325,267,317,318,122,206,98,183,251,135,172,170,199,237,247,279,346,306,358,352,295,307,284,137,138,203,205,213,309,296,314,375,295,287,345,34,92,105,184,172,200,246,270,333,396,263,315,379,333,88,139,214,271,245,
åINF,138,168,207,208,236,267,244,283,297,381,440,415,380,283,292,392,209,279,373,395,409,0,82,137,139,171,235,330,144,203,294,193,243,283,371,465,444,365,454,216,279,324,370,359,392,452,314,364,320,323,407,11,96,164,154,191,217,246,200,210,242,309,350,402,315,314,326,411,338,208,273,275,283,379,295,313,374,294,302,360,443,501,372,451,358,199,245,269,332,398,262,314,378,335,107,158,233,290,158,
ãINF,289,319,125,126,154,185,162,201,215,299,358,368,313,201,210,310,294,310,404,426,431,411,0,55,57,89,153,248,109,168,259,111,161,201,289,383,362,283,372,367,430,316,362,386,384,444,302,307,238,241,325,162,247,315,305,342,205,234,118,128,160,227,268,320,233,272,284,370,256,173,238,240,248,344,363,381,442,362,370,335,376,434,290,369,291,319,365,389,452,316,330,382,446,253,258,309,384,360,76,
ÉINF,234,264,70,71,99,130,107,146,160,244,303,313,258,146,155,255,239,255,349,371,376,356,438,0,2,34,98,193,54,113,204,56,106,146,234,328,307,228,317,312,375,261,307,331,329,389,247,252,183,186,270,107,192,260,250,287,150,179,63,73,105,172,213,265,178,217,229,315,201,118,183,185,193,289,308,326,387,307,315,280,321,379,235,314,236,264,310,334,397,261,275,327,391,198,203,254,329,305,21,
áINF,298,328,68,69,97,128,105,144,158,242,301,311,256,144,153,253,237,307,401,423,437,354,436,491,0,32,96,191,52,111,202,54,104,144,232,326,305,326,415,330,393,259,305,329,327,387,245,250,181,184,268,175,210,278,314,351,148,177,215,225,257,324,211,263,282,321,333,346,199,116,181,183,191,287,306,324,385,305,313,278,319,377,233,312,234,262,308,332,395,259,273,325,389,196,267,318,393,303,19,
âINF,270,300,340,200,228,259,211,249,263,347,406,366,237,125,134,234,205,275,369,391,405,326,408,463,465,0,77,172,20,79,170,26,76,116,204,298,358,348,437,425,488,240,286,310,308,368,213,263,153,165,249,227,305,373,286,323,116,145,183,193,225,292,252,304,298,337,349,327,180,84,149,151,159,255,278,296,357,277,285,250,341,399,338,417,215,243,289,313,376,231,245,297,361,168,239,290,365,316,291,
ãINF,315,345,310,275,303,334,311,237,251,335,394,289,160,48,57,157,255,325,419,441,455,310,392,447,449,481,0,95,124,183,274,314,244,284,372,466,398,400,489,393,456,163,209,233,231,291,265,315,321,88,172,188,273,341,331,368,168,197,235,245,277,344,356,408,350,389,401,250,103,176,241,243,234,330,262,280,341,261,253,311,402,460,326,405,138,166,212,236,299,380,229,281,345,336,284,335,410,368,279,
åINF,363,393,375,209,237,268,245,284,298,382,441,451,396,284,293,393,214,284,378,400,414,355,437,492,494,526,236,0,29,88,179,268,254,294,382,476,445,357,446,434,497,399,445,469,467,527,222,272,331,324,402,236,314,382,379,416,125,154,192,202,234,301,261,313,307,346,358,444,232,93,158,160,168,264,307,346,407,455,463,428,448,506,373,452,374,402,448,472,535,409,423,448,435,346,332,383,458,325,326,
åINF,334,364,346,180,208,239,216,255,269,353,412,422,367,255,264,364,185,255,349,371,385,326,408,463,465,497,207,302,0,59,150,239,225,265,353,447,416,328,417,405,468,370,416,440,438,498,193,243,302,295,373,207,285,353,350,387,96,125,163,173,205,272,232,284,278,317,329,415,203,64,129,131,139,235,278,317,378,426,434,399,419,477,344,423,345,373,419,443,506,380,394,419,406,317,303,354,429,296,297,
áINF,275,305,287,121,149,180,157,196,210,294,353,363,308,196,205,305,126,196,290,312,326,267,349,404,406,438,148,243,272,0,91,180,166,206,294,388,357,269,358,346,409,311,357,381,379,439,134,184,243,236,314,148,226,294,291,328,37,66,104,114,146,213,173,225,219,258,270,356,144,5,70,72,80,176,219,258,319,367,375,340,360,418,285,364,286,314,360,384,447,321,335,360,347,258,244,295,370,237,238,
åINF,316,346,388,242,270,301,274,312,326,410,469,479,414,302,311,411,326,396,490,512,526,372,454,509,511,543,254,349,322,200,0,89,139,179,267,361,421,427,516,444,507,417,463,487,485,545,334,384,216,238,223,239,324,392,332,369,237,266,304,272,304,371,82,134,153,192,204,290,53,126,191,193,201,297,324,342,403,323,331,313,404,462,401,480,392,420,466,490,553,277,291,343,407,214,285,336,411,437,354,
çINF,244,274,314,315,314,345,185,223,237,321,380,390,325,213,222,322,402,365,459,481,486,300,382,437,439,471,165,260,250,309,400,0,50,90,178,272,332,338,427,409,472,328,374,398,396,456,420,329,127,149,233,217,289,357,260,297,323,352,390,183,215,282,348,400,288,327,339,415,268,314,379,381,389,485,252,270,331,251,259,224,315,373,312,391,303,331,377,401,464,205,219,271,335,142,213,264,339,382,265,
ãINF,194,224,264,265,264,295,135,173,187,271,330,340,275,163,172,272,352,315,409,431,436,250,332,387,389,421,115,210,200,259,350,250,0,40,128,222,282,288,377,359,422,278,324,348,346,406,370,279,77,99,183,167,239,307,210,247,273,302,340,133,165,232,298,350,238,277,289,365,218,264,329,331,339,435,202,220,281,201,209,174,265,323,262,341,253,281,327,351,414,155,169,221,285,92,163,214,289,332,215,
ãINF,154,184,225,226,224,255,95,134,148,232,291,301,329,227,236,318,313,275,369,391,396,210,292,347,349,381,179,274,160,219,310,211,261,0,88,182,242,248,337,320,383,332,378,402,400,460,330,240,333,267,351,127,200,268,170,207,233,262,300,93,125,192,258,310,198,237,249,335,282,224,289,291,299,395,162,180,241,161,169,134,225,283,223,302,317,303,349,373,436,115,129,181,245,52,123,174,249,293,176,
ÉINF,166,196,137,138,136,167,7,46,60,144,203,213,241,139,148,230,225,187,281,303,308,211,293,348,350,382,91,186,172,231,322,123,173,213,0,94,154,160,249,232,295,244,290,314,312,372,342,152,245,179,263,39,112,180,182,219,245,274,255,5,37,104,170,222,110,149,161,247,194,236,301,303,311,407,163,181,242,162,170,46,137,195,135,214,229,215,261,285,348,234,130,182,246,171,135,186,261,205,88,
åINF,159,189,235,236,264,295,211,250,264,348,407,416,305,311,320,151,249,108,202,224,229,256,338,393,395,427,263,358,165,173,264,327,281,321,409,0,60,81,170,217,280,308,354,360,376,436,307,356,358,351,435,267,316,384,175,212,210,239,277,255,287,354,346,398,360,335,347,395,317,178,243,245,253,349,208,247,308,398,247,305,74,132,145,224,283,311,357,381,444,397,374,272,259,334,128,179,254,311,292,
áINF,99,129,175,176,204,235,151,190,204,288,347,356,245,251,260,91,189,48,142,164,169,196,278,333,335,367,203,298,105,113,204,267,221,261,349,443,0,21,110,157,220,248,294,300,316,376,247,296,298,291,375,207,256,324,115,152,150,179,217,195,227,294,286,338,300,275,287,335,257,118,183,185,193,289,148,187,248,338,187,245,14,72,85,164,223,251,297,321,384,337,314,212,199,274,68,119,194,251,232,
åINF,267,297,223,224,252,283,130,169,183,267,326,335,300,230,239,70,168,27,121,143,148,175,257,312,314,346,251,346,273,281,372,246,269,309,397,491,330,0,89,136,199,244,290,279,312,372,346,275,346,270,354,186,235,303,283,320,249,278,316,174,206,273,339,391,279,318,330,331,285,286,351,353,315,411,127,166,227,317,166,224,182,240,253,332,278,306,352,376,439,316,308,191,178,253,236,287,362,328,211,
ãINF,178,208,254,255,283,314,291,288,302,386,445,246,211,141,150,250,249,319,413,435,59,146,228,283,285,317,197,292,184,192,283,339,295,335,423,517,449,392,0,47,110,155,201,190,223,283,257,307,372,181,265,157,242,310,194,231,160,189,227,237,269,336,365,417,342,354,366,242,196,197,262,264,226,322,313,89,150,240,248,306,93,151,164,243,189,217,263,287,350,431,280,332,396,387,147,198,273,330,304,
éINF,351,381,321,220,248,279,256,241,255,339,398,199,164,227,236,336,202,272,366,388,402,314,396,451,453,485,247,342,357,340,431,318,248,288,376,470,402,345,434,0,63,108,154,143,176,236,210,260,325,267,351,224,307,375,367,404,113,142,180,190,222,289,355,407,295,334,346,195,193,266,331,333,179,275,266,105,166,256,264,322,413,471,330,409,142,170,216,240,303,384,233,285,349,340,320,371,446,313,283,
àINF,288,318,258,157,185,216,193,178,192,276,335,136,101,164,173,273,139,209,303,325,339,251,333,388,390,422,184,279,294,277,368,255,185,225,313,407,339,282,371,364,0,45,91,80,113,173,147,197,262,204,288,161,244,312,304,341,50,79,117,127,159,226,292,344,232,271,283,132,130,203,268,270,116,212,203,42,103,193,201,259,350,408,267,346,79,107,153,177,240,321,170,222,286,277,257,308,383,250,220,
ÄINF,243,273,222,112,140,171,148,133,147,231,290,126,56,119,128,228,94,164,258,280,294,206,288,343,345,377,139,234,249,232,323,210,140,180,268,362,294,237,326,319,382,0,46,70,68,128,102,152,217,159,243,116,199,267,259,296,5,34,72,82,114,181,247,299,187,226,238,87,85,158,223,225,71,167,158,176,237,157,165,223,308,366,222,301,34,62,108,132,195,276,125,177,241,232,212,263,338,205,175,
çINF,305,335,276,148,176,207,184,185,199,283,342,80,108,171,180,280,205,275,369,391,405,317,399,454,456,488,175,270,299,339,430,262,193,233,321,415,346,299,388,371,434,111,0,24,101,161,206,256,270,211,295,178,251,319,321,358,116,145,134,144,176,243,290,342,249,288,300,120,192,265,330,332,182,278,269,287,348,268,276,334,360,418,274,353,145,173,219,243,306,348,236,288,352,285,274,325,400,309,227,
âINF,281,311,252,124,152,183,160,161,175,259,318,56,84,147,156,256,181,251,345,367,381,293,375,430,432,464,151,246,275,315,406,238,169,209,297,391,322,275,364,347,410,87,133,0,77,137,182,232,246,187,271,154,227,295,297,334,92,121,110,120,152,219,266,318,225,264,276,96,168,241,306,308,158,254,245,263,324,244,252,310,336,394,250,329,121,149,195,219,282,324,212,264,328,261,250,301,376,285,203,
ÉINF,204,234,213,47,75,106,83,122,136,220,279,289,234,122,131,231,275,225,319,341,346,342,424,479,481,513,74,169,198,238,329,199,92,132,220,314,283,198,287,282,345,237,283,307,0,60,105,155,169,162,246,77,162,230,220,257,242,271,33,43,75,142,189,241,148,187,199,19,91,164,229,231,239,335,294,312,373,293,301,266,297,355,211,290,212,240,286,310,373,247,261,313,376,184,173,224,299,208,164,
çINF,437,467,228,229,257,288,265,284,298,382,441,451,386,274,283,383,463,493,587,609,614,514,596,651,653,685,226,321,350,409,500,214,264,304,392,486,445,466,555,470,533,389,435,459,457,0,45,95,188,210,294,310,350,418,453,490,394,423,461,397,429,496,371,423,442,481,493,476,329,402,467,469,460,556,466,484,545,465,473,438,459,517,373,452,364,392,438,462,525,419,433,485,549,356,406,457,532,148,179,
éINF,392,422,183,184,212,243,220,239,253,337,396,406,341,229,238,338,418,448,542,564,569,469,551,606,608,640,181,276,305,364,455,169,219,259,347,441,400,421,510,425,488,344,390,414,412,472,0,50,143,165,249,265,305,373,408,445,349,378,416,352,384,451,326,378,397,436,448,431,284,357,422,424,415,511,421,439,500,420,428,393,414,472,328,407,319,347,393,417,480,374,388,440,504,311,361,412,487,103,134,
åINF,342,372,133,134,162,193,170,189,203,287,346,356,291,179,188,288,368,398,492,514,519,419,501,556,558,590,131,226,255,314,405,119,169,209,297,391,350,371,460,375,438,294,340,364,362,422,396,0,93,115,199,215,255,323,358,395,299,328,366,302,334,401,276,328,347,386,398,381,234,307,372,374,365,461,371,389,450,370,378,343,364,422,278,357,269,297,343,367,430,324,338,390,454,261,311,362,437,53,84,
äINF,249,279,187,188,216,247,224,96,110,194,253,263,198,86,95,195,275,305,399,421,426,348,430,485,487,519,38,133,162,221,312,173,223,263,351,445,257,278,367,282,345,201,247,271,269,329,303,202,0,22,106,122,162,230,265,302,206,235,273,283,315,382,330,382,388,425,437,288,141,214,279,281,272,368,300,318,379,299,291,349,271,329,185,264,176,204,250,274,337,378,267,319,383,315,218,269,344,255,138,
ãINF,227,257,303,291,319,350,327,253,267,351,410,305,176,64,73,173,271,341,435,457,471,326,408,463,465,497,16,111,140,199,290,330,260,300,388,482,414,416,505,305,368,179,225,249,247,307,281,331,337,0,84,100,185,253,243,280,184,213,251,261,293,360,372,424,366,403,415,266,119,192,257,259,250,346,278,296,357,277,269,327,418,476,342,421,154,182,228,252,315,396,245,297,361,352,196,247,322,379,295,
éINF,143,173,219,220,248,279,256,295,309,393,452,420,385,295,304,404,214,284,378,400,414,348,430,485,487,519,247,342,149,208,299,361,265,305,393,487,456,409,498,221,284,329,375,364,397,457,319,369,342,335,0,16,101,169,159,196,222,251,244,254,286,353,362,414,359,319,331,416,350,213,278,280,288,384,300,318,379,299,307,365,448,506,384,463,363,204,250,274,337,418,267,319,383,357,112,163,238,295,326,
çINF,127,157,203,204,232,263,240,279,293,377,436,404,369,279,288,388,198,268,362,384,398,332,414,469,471,503,231,326,133,192,283,345,249,289,377,471,440,393,482,205,268,313,359,348,381,441,303,353,326,319,403,0,85,153,143,180,206,235,228,238,270,337,346,398,343,303,315,400,334,197,262,264,272,368,284,302,363,283,291,349,432,490,368,447,347,188,234,258,321,402,251,303,367,341,96,147,222,279,310,
éINF,314,344,263,264,292,323,286,325,339,423,482,319,284,287,296,378,113,183,277,299,313,247,329,384,386,418,239,334,320,274,365,402,181,221,309,403,463,308,397,120,183,228,274,263,296,356,321,371,258,280,364,187,0,68,161,198,224,253,143,153,185,252,318,370,258,297,309,315,313,279,344,346,290,386,199,217,278,198,206,264,347,405,414,493,262,103,149,173,236,317,166,218,282,273,283,334,409,424,367,
áINF,246,276,195,196,224,255,218,257,271,355,414,251,216,219,228,310,45,115,209,231,245,179,261,316,318,350,171,266,252,206,297,334,113,153,241,335,395,240,329,52,115,160,206,195,228,288,253,303,190,212,296,119,204,0,93,130,156,185,75,85,117,184,250,302,190,229,241,247,245,211,276,278,222,318,131,149,210,130,138,196,279,337,346,425,194,35,81,105,168,249,98,150,214,205,215,266,341,356,299,
åINF,301,331,336,170,198,229,206,245,259,343,402,412,357,245,254,354,152,222,316,338,352,316,398,453,455,487,197,292,307,113,204,293,215,255,343,437,406,295,384,379,442,360,406,430,428,488,160,210,292,285,369,174,259,327,0,37,63,92,130,140,172,239,286,338,245,284,296,382,257,118,183,185,129,225,268,307,368,415,423,389,386,444,334,413,335,362,408,432,495,369,383,386,373,306,270,321,396,263,287,
âINF,264,294,299,133,161,192,169,208,222,306,365,375,320,208,217,317,115,185,279,301,315,279,361,416,418,450,160,255,270,76,167,256,178,218,306,400,369,258,347,342,405,323,369,393,391,451,123,173,255,248,332,137,222,290,280,0,26,55,93,103,135,202,249,301,208,247,259,345,220,81,146,148,92,188,231,270,331,378,386,352,349,407,297,376,298,325,371,395,458,332,346,349,336,269,233,284,359,226,250,
âINF,238,268,273,107,135,166,143,182,196,280,339,349,294,182,191,291,89,159,253,275,289,253,335,390,392,424,134,229,244,303,394,259,152,192,280,374,343,232,321,316,379,297,343,367,365,425,97,147,229,222,306,111,196,264,254,291,0,29,67,77,109,176,242,294,182,221,233,319,237,308,373,375,66,162,205,244,305,352,360,326,323,381,271,350,272,299,345,369,432,306,320,323,310,243,207,258,333,200,224,
áINF,209,239,244,78,106,137,114,153,167,251,310,320,265,153,162,262,60,130,224,246,260,224,306,361,363,395,105,200,215,274,365,230,123,163,251,345,314,203,292,287,350,268,314,338,336,396,68,118,200,193,277,82,167,235,225,262,273,0,38,48,80,147,213,265,153,192,204,290,208,279,344,346,37,133,176,215,276,323,331,297,294,352,242,321,243,270,316,340,403,277,291,294,281,214,178,229,304,171,195,
ãINF,171,201,247,248,276,307,164,203,217,301,360,370,256,144,153,235,242,192,286,308,313,334,416,471,473,505,96,191,177,236,327,280,293,333,421,515,364,165,254,249,312,259,305,329,327,387,347,309,370,184,268,44,129,197,187,224,250,279,0,10,42,109,175,227,115,154,166,252,199,241,306,308,316,412,286,304,365,285,293,351,347,405,292,371,234,232,278,302,365,239,253,305,343,176,140,191,266,323,245,
ãINF,161,191,237,238,266,297,154,193,207,291,350,360,246,134,143,225,232,182,276,298,303,324,406,461,463,495,86,181,167,226,317,270,283,323,411,505,354,155,244,239,302,249,295,319,317,377,337,299,360,174,258,34,119,187,177,214,240,269,262,0,32,99,165,217,105,144,156,242,189,231,296,298,306,402,276,294,355,275,283,341,337,395,282,361,224,222,268,292,355,229,243,295,333,166,130,181,256,313,235,
çINF,236,266,252,238,266,297,122,161,175,259,318,328,356,313,322,193,291,150,244,266,271,292,374,429,431,463,265,360,242,301,392,238,283,323,411,505,322,123,212,259,322,359,405,402,427,487,412,267,360,353,274,192,227,295,252,289,315,344,370,297,0,67,133,185,73,112,124,210,282,306,371,373,381,477,244,262,323,243,251,309,305,363,250,329,388,330,376,400,463,197,211,263,301,134,205,256,331,320,203,
âINF,198,228,185,186,214,245,55,94,108,192,251,261,289,261,270,126,224,83,177,199,204,231,313,368,370,402,213,308,204,263,354,171,221,261,349,443,255,56,145,192,255,292,338,335,360,420,374,200,293,301,207,125,160,228,214,251,277,306,303,230,262,0,66,118,137,176,188,274,316,268,333,335,343,439,183,222,283,205,213,271,238,296,183,262,321,263,309,333,396,159,173,225,234,96,167,218,293,253,136,
çINF,234,264,306,236,264,295,272,311,325,409,468,478,423,311,320,420,355,425,519,541,555,290,372,427,429,461,263,358,240,299,390,388,281,321,409,503,472,493,582,362,425,426,472,496,494,554,410,417,358,351,141,157,242,310,250,287,313,342,380,390,422,489,0,52,71,110,122,208,280,304,369,371,379,475,242,260,321,241,249,307,398,456,400,479,401,345,391,415,478,195,209,261,325,132,203,254,329,386,353,
äINF,182,212,254,184,212,243,220,259,273,357,416,426,371,259,268,368,303,373,467,489,503,238,320,375,377,409,211,306,188,247,338,336,229,269,357,451,420,441,530,310,373,374,420,444,442,502,358,365,306,299,89,105,190,258,198,235,261,290,328,338,370,437,326,0,19,58,70,156,228,252,317,319,327,423,190,208,269,189,197,255,346,404,348,427,349,293,339,363,426,143,157,209,273,80,151,202,277,334,301,
åINF,163,193,235,165,193,224,201,240,254,338,397,407,352,240,249,349,331,401,495,517,531,219,301,356,358,390,192,287,169,228,319,317,210,250,338,432,401,422,511,426,489,355,401,425,423,483,339,346,287,280,364,230,306,374,179,216,242,271,309,319,351,418,307,359,0,39,51,137,209,233,298,300,308,404,171,189,250,170,178,236,327,385,329,408,330,358,404,428,491,124,138,190,254,61,132,183,258,315,282,
çINF,359,389,292,126,154,185,162,201,215,299,358,368,313,201,210,310,380,410,504,526,531,421,503,558,560,592,153,248,277,317,408,278,171,211,299,393,362,383,472,387,450,316,362,386,384,444,418,307,248,241,325,232,267,335,375,412,321,350,388,304,336,403,268,320,339,0,12,98,170,243,308,310,318,414,373,391,452,372,380,345,376,434,290,369,291,319,365,389,452,326,340,392,456,263,328,379,454,360,243,
éINF,347,377,280,114,142,173,150,189,203,287,346,356,301,189,198,298,368,398,492,514,519,409,491,546,548,580,141,236,265,305,396,266,159,199,287,381,350,371,460,375,438,304,350,374,372,432,406,295,236,229,313,220,255,323,363,400,309,338,376,292,324,391,256,308,327,366,0,86,158,231,296,298,306,402,361,379,440,360,368,333,364,422,278,357,279,307,353,377,440,314,328,380,444,251,316,367,442,348,231,
àINF,261,291,194,28,56,87,64,103,117,201,260,270,215,103,112,212,282,312,406,428,433,323,405,460,462,494,55,150,179,219,310,180,73,113,201,295,264,285,374,289,352,218,264,288,286,346,320,209,150,143,227,134,169,237,277,314,223,252,290,206,238,305,170,222,241,280,292,0,72,145,210,212,220,316,275,293,354,274,282,247,278,336,192,271,193,221,267,291,354,228,242,294,358,165,230,281,356,262,145,
éINF,422,452,355,189,217,248,225,264,278,362,421,431,376,264,273,373,273,343,437,459,473,335,417,472,474,506,216,311,340,147,238,327,234,274,362,456,425,416,505,414,477,379,425,449,447,507,281,331,311,304,388,295,294,362,438,475,184,213,251,261,293,360,320,372,366,405,417,466,0,73,138,140,148,244,287,326,387,435,443,408,439,497,353,432,354,382,428,452,515,389,403,455,494,326,391,442,517,384,306,
ãINF,349,379,282,116,144,175,152,191,205,289,348,358,303,191,200,300,200,270,364,386,400,262,344,399,401,433,143,238,267,74,165,254,161,201,289,383,352,343,432,341,404,306,352,376,374,434,208,258,238,231,315,222,221,289,365,402,111,140,178,188,220,287,247,299,293,332,344,393,218,0,65,67,75,171,214,253,314,362,370,335,366,424,280,359,281,309,355,379,442,316,330,382,421,253,318,369,444,311,233,
áINF,284,314,217,51,79,110,87,126,140,224,283,293,238,126,135,235,269,335,429,451,456,197,279,334,336,368,78,173,202,261,352,203,96,136,224,318,287,308,397,276,339,241,287,311,309,369,343,232,173,166,250,157,156,224,300,337,246,275,299,229,261,328,193,245,264,303,315,328,181,254,0,2,10,106,149,188,249,297,305,270,301,359,215,294,216,244,290,314,377,251,265,317,381,188,253,304,379,285,168,
àINF,282,312,215,49,77,108,85,124,138,222,281,291,236,124,133,233,267,333,427,449,454,195,277,332,334,366,76,171,200,259,350,201,94,134,222,316,285,306,395,274,337,239,285,309,307,367,341,230,171,164,248,155,154,222,298,335,244,273,297,227,259,326,191,243,262,301,313,326,179,252,317,0,8,104,147,186,247,295,303,268,299,357,213,292,214,242,288,312,375,249,263,315,379,186,251,302,377,283,166,
âINF,274,304,207,41,69,100,77,116,130,214,273,283,228,116,125,225,259,325,419,441,446,187,269,324,326,358,68,163,192,251,342,193,86,126,214,308,277,298,387,266,329,231,277,301,299,359,333,222,163,156,240,147,146,214,290,327,236,265,289,219,251,318,183,235,254,293,305,318,171,244,309,311,0,96,139,178,239,287,295,260,291,349,205,284,206,234,280,304,367,241,255,307,371,178,243,294,369,275,158,
ãINF,229,259,298,299,327,358,335,374,388,472,531,369,334,337,346,428,163,233,327,349,363,91,173,228,230,262,289,384,235,294,385,284,231,271,359,453,513,358,447,170,233,278,324,313,346,406,371,421,308,330,414,102,50,118,211,248,274,303,193,203,235,302,368,420,308,347,359,365,363,299,364,366,340,0,43,82,143,233,241,299,390,448,461,540,312,153,199,223,286,367,216,268,332,323,198,249,324,381,249,
åINF,186,216,255,256,284,315,292,331,345,429,488,463,428,331,340,440,257,327,421,443,457,48,130,185,187,219,283,378,192,251,342,241,291,331,419,513,492,413,502,264,327,372,418,407,440,500,362,412,368,371,455,59,144,212,202,239,265,294,248,258,290,357,398,450,363,362,374,459,386,256,321,323,331,427,0,39,100,190,198,256,347,405,418,497,406,247,293,317,380,446,310,362,426,383,155,206,281,338,206,
éINF,393,423,216,217,245,276,253,292,306,390,449,459,404,292,301,401,471,501,595,617,622,382,464,519,521,553,244,339,368,407,498,369,262,302,390,484,453,474,563,478,541,407,453,477,475,535,509,398,339,332,416,323,358,426,409,446,412,441,479,395,427,494,359,411,430,469,481,494,347,412,477,479,478,574,334,0,61,151,159,217,308,366,379,458,382,410,456,480,543,417,301,353,417,354,362,413,488,451,334,
çINF,332,362,155,156,184,215,192,231,245,329,388,398,343,231,240,340,410,440,534,556,561,321,403,458,460,492,183,278,307,346,437,308,201,241,329,423,392,413,502,417,480,346,392,416,414,474,448,337,278,271,355,262,297,365,348,385,351,380,418,334,366,433,298,350,369,408,420,433,286,351,416,418,417,513,273,291,0,90,98,156,247,305,318,397,321,349,395,419,482,356,240,292,356,293,301,352,427,390,273,
àINF,242,272,65,66,94,125,102,141,155,239,298,308,253,141,150,250,320,350,444,466,471,231,313,368,370,402,93,188,217,256,347,218,111,151,239,333,302,323,412,327,390,256,302,326,324,384,358,247,188,181,265,172,207,275,258,295,261,290,328,244,276,343,208,260,279,318,330,343,196,261,326,328,327,423,183,201,262,0,8,66,157,215,228,307,231,259,305,329,392,266,150,202,266,203,211,262,337,300,183,
âINF,234,264,57,58,86,117,94,133,147,231,290,300,245,133,142,242,312,342,436,458,463,223,305,360,362,394,85,180,209,248,339,210,103,143,231,325,294,315,404,319,382,248,294,318,316,376,350,239,180,173,257,164,199,267,250,287,253,282,320,236,268,335,200,252,271,310,322,335,188,253,318,320,319,415,175,193,254,174,0,58,149,207,220,299,223,251,297,321,384,258,142,194,258,195,203,254,329,292,175,
ãINF,176,206,181,182,90,121,98,137,151,235,294,304,322,257,266,366,316,346,440,462,467,165,247,302,304,336,209,304,182,190,281,214,227,267,355,449,298,319,408,323,386,325,371,395,393,453,324,243,304,297,345,168,203,271,192,229,227,256,294,304,336,403,204,256,275,314,326,412,312,195,260,262,270,366,117,135,196,116,124,0,91,149,162,241,300,306,352,376,439,338,84,136,200,275,145,196,271,296,179,
âINF,85,115,161,162,190,221,198,237,251,335,394,360,231,237,246,346,225,295,389,411,425,366,448,503,505,537,189,284,91,99,190,279,207,247,335,429,398,368,457,423,486,234,280,304,302,362,233,283,284,277,361,247,303,371,101,138,136,165,203,213,245,312,272,324,318,261,273,321,243,104,169,171,179,275,318,351,412,332,340,381,0,58,71,150,209,237,283,307,370,362,300,352,416,299,54,105,180,237,268,
çINF,408,438,339,288,316,347,324,250,264,348,407,302,173,236,245,345,270,340,434,456,470,323,405,460,462,494,292,387,414,349,440,327,257,297,385,479,411,413,502,436,499,176,222,246,244,304,278,328,334,276,360,281,316,384,424,461,181,210,248,258,290,357,423,475,363,402,414,263,202,275,340,342,247,343,275,293,354,274,282,340,425,0,13,92,151,179,225,249,312,393,242,294,358,349,377,428,503,381,292,
éINF,395,425,326,275,303,334,311,237,251,335,394,289,160,223,232,332,257,327,421,443,457,310,392,447,449,481,279,374,401,336,427,314,244,284,372,466,398,400,489,423,486,163,209,233,231,291,265,315,321,263,347,268,303,371,411,448,168,197,235,245,277,344,410,462,350,389,401,250,189,262,327,329,234,330,262,280,341,261,269,327,412,470,0,79,138,166,212,236,299,380,229,281,345,336,364,415,490,368,279,
äINF,316,346,247,196,224,255,232,158,172,256,315,210,81,144,153,253,178,248,342,364,378,231,313,368,370,402,200,295,322,257,348,235,165,205,293,387,319,321,410,344,407,84,130,154,152,212,186,236,242,184,268,189,224,292,332,369,89,118,156,166,198,265,331,383,271,310,322,171,110,183,248,250,155,251,183,201,262,182,190,248,333,391,247,0,59,87,133,157,220,301,150,202,266,257,285,336,411,289,200,
~INF,257,287,188,137,165,196,173,99,113,197,256,151,22,85,94,194,119,189,283,305,319,172,254,309,311,343,141,236,263,198,289,176,106,146,234,328,260,262,351,285,348,25,71,95,93,153,127,177,183,125,209,130,165,233,273,310,30,59,97,107,139,206,272,324,212,251,263,112,51,124,189,191,96,192,124,142,203,123,131,189,274,332,188,267,0,28,74,98,161,242,91,143,207,198,226,277,352,230,141,
âINF,272,302,160,161,189,220,197,236,250,334,393,403,348,236,245,345,353,393,487,509,514,144,226,281,283,315,188,283,278,337,428,313,78,118,206,300,360,366,455,360,423,351,397,421,419,479,448,342,155,177,261,155,240,308,288,325,351,380,344,211,243,310,303,355,316,355,367,438,291,342,407,409,417,513,96,114,175,95,103,161,252,310,323,402,326,0,46,70,133,214,63,115,179,170,241,292,367,395,278,
ÑINF,226,256,114,115,143,174,151,190,204,288,347,357,302,190,199,299,307,347,441,463,468,98,180,235,237,269,142,237,232,291,382,267,32,72,160,254,314,320,409,314,377,305,351,375,373,433,402,296,109,131,215,109,194,262,242,279,305,334,298,165,197,264,257,309,270,309,321,392,245,296,361,363,371,467,50,68,129,49,57,115,206,264,277,356,280,297,0,24,87,168,17,69,133,124,195,246,321,349,232,
äINF,202,232,255,256,272,303,143,181,195,279,338,348,283,171,180,280,360,323,417,439,444,239,321,376,378,410,123,218,208,267,358,258,8,48,136,230,290,296,385,367,430,286,332,356,354,414,378,287,85,107,191,175,247,315,218,255,281,310,348,141,173,240,306,358,246,285,297,373,226,272,337,339,347,443,191,209,270,190,198,182,273,331,270,349,261,289,335,0,63,144,158,210,274,100,171,222,297,340,223,
çINF,208,238,192,193,221,252,229,268,282,366,425,435,380,268,277,377,376,446,540,562,576,176,258,313,315,347,220,315,214,273,364,345,238,278,366,460,429,450,539,392,455,383,429,453,451,511,384,374,315,308,392,187,272,340,224,261,287,316,354,364,396,463,335,387,406,384,396,470,323,278,343,345,353,449,128,146,207,127,135,193,284,342,355,434,358,375,421,445,0,81,95,147,211,286,177,228,303,360,310,
áINF,127,157,111,112,140,171,148,187,201,285,344,354,299,187,196,296,295,365,459,481,495,95,177,232,234,266,139,234,133,192,283,264,157,197,285,379,348,369,458,311,374,302,348,372,370,430,303,293,234,227,311,106,191,259,143,180,206,235,273,283,315,382,254,306,325,303,315,389,242,197,262,264,272,368,47,65,126,46,54,112,203,261,274,353,277,294,340,364,427,0,14,66,130,205,96,147,222,279,229,
ÖINF,219,249,97,98,126,157,134,173,187,271,330,340,285,173,182,282,290,360,454,476,490,81,163,218,220,252,125,220,225,284,375,250,143,183,271,365,334,355,444,297,360,288,334,358,356,416,390,279,220,213,297,92,177,245,235,272,293,322,281,276,308,375,240,292,311,350,362,375,228,289,354,356,359,455,33,51,112,32,40,98,189,247,260,339,263,280,326,350,413,254,0,52,116,191,188,239,314,332,215,
éINF,241,271,313,314,342,373,350,389,403,487,546,556,501,389,398,498,409,479,573,595,609,297,379,434,436,468,341,436,247,306,397,459,359,399,487,581,550,552,641,513,576,504,550,574,572,632,417,467,436,429,513,308,393,461,257,294,320,349,387,397,429,496,456,508,502,417,429,515,444,311,376,378,386,482,249,267,328,248,256,314,405,463,476,555,479,496,542,566,629,202,216,0,64,139,210,261,336,393,424,
éINF,177,207,249,250,278,309,286,325,339,423,482,492,437,325,334,434,345,415,509,531,545,233,315,370,372,404,277,372,183,242,333,395,295,335,423,517,486,488,577,449,512,440,486,510,508,568,353,403,372,365,449,244,329,397,193,230,256,285,323,333,365,432,392,444,438,353,365,451,380,247,312,314,322,418,185,203,264,184,192,250,341,399,412,491,415,432,478,502,565,138,152,204,0,75,146,197,272,329,360,
åINF,102,132,174,175,203,234,211,250,264,348,407,417,362,250,259,359,270,340,434,456,470,158,240,295,297,329,202,297,108,167,258,320,220,260,348,442,411,413,502,374,437,365,411,435,433,493,278,328,297,290,374,169,254,322,118,155,181,210,248,258,290,357,317,369,363,278,290,376,305,172,237,239,247,343,110,128,189,109,117,175,266,324,337,416,340,357,403,427,490,63,77,129,193,0,71,122,197,254,285,
àINF,31,61,107,108,136,167,144,183,197,281,340,350,295,183,192,292,199,269,363,385,399,363,445,500,502,534,135,230,37,96,187,249,153,193,281,375,344,342,431,369,432,298,344,368,366,426,207,257,230,223,307,214,249,317,47,84,110,139,177,187,219,286,250,302,292,207,219,305,238,101,166,168,176,272,315,354,415,354,362,327,358,416,272,351,273,301,347,371,434,308,322,374,420,245,0,51,126,183,214,
åINF,292,322,212,213,87,118,95,134,148,232,291,301,329,288,297,386,313,343,437,459,464,447,529,584,586,618,240,335,298,357,448,198,248,288,376,470,295,316,405,320,383,332,378,402,400,460,434,240,325,328,342,165,200,268,308,345,337,366,343,353,385,452,201,253,272,156,168,254,326,362,427,429,403,499,399,417,478,398,406,422,309,367,223,302,361,303,349,373,436,396,366,418,482,333,261,0,75,132,163,
ãINF,367,397,137,138,166,197,174,213,227,311,370,380,325,213,222,322,392,422,516,538,543,423,505,560,562,594,165,260,289,348,439,123,173,213,301,395,374,395,484,399,462,328,374,398,396,456,430,319,250,253,337,244,279,347,383,420,333,362,400,306,338,405,280,332,351,81,93,179,251,324,389,391,399,495,375,393,454,374,382,347,388,446,302,381,303,331,377,401,464,328,342,394,458,265,336,387,0,57,88,
ãINF,310,340,80,81,109,140,117,156,170,254,313,323,268,156,165,265,335,365,459,481,486,366,448,503,505,537,108,203,232,291,382,66,116,156,244,338,317,338,427,342,405,271,317,341,339,399,373,262,193,196,280,187,222,290,326,363,276,305,343,249,281,348,223,275,294,333,345,358,211,284,349,351,342,438,318,336,397,317,325,290,331,389,245,324,246,274,320,344,407,271,285,337,401,208,279,330,405,0,31,
àINF,279,309,49,50,78,109,86,125,139,223,282,292,237,125,134,234,304,334,428,450,455,335,417,472,474,506,77,172,201,260,351,35,85,125,213,307,286,307,396,311,374,240,286,310,308,368,342,231,162,165,249,156,191,259,295,332,245,274,312,218,250,317,192,244,263,302,314,327,180,253,318,320,311,407,287,305,366,286,294,259,300,358,214,293,215,243,289,313,376,240,254,306,370,177,248,299,374,284,0,
